repoID,repo_name
33628160,zonyitoo/bson-rs
143887688,tychoish/jasper
37991233,tychoish/grip
146502453,tychoish/ftdc
100294206,tychoish/anser
53160128,tjhunter/tensorframes
309009,mongoid/mongoid
194727787,mongodb/vault-plugin-secrets-mongodbatlas
232424739,mongodb/vault-plugin-database-mongodbatlas
129414449,mongodb/terraform_peered_vpc
194736160,mongodb/terraform-provider-mongodbatlas
173968989,mongodb/terraform-aws-ecs-task-definition
125097486,mongodb/swift-mongoc
126176628,mongodb/swift-mongo-mobile
125097454,mongodb/swift-bson
14149824,mongodb/support-tools
172554606,mongodb/stitch-tutorials
181981721,mongodb/stitch-tutorial-todo-ios
181929647,mongodb/stitch-tutorial-todo-backend
182133814,mongodb/stitch-tutorial-todo-android
148386191,mongodb/stitch-starter-apps
139887090,mongodb/stitch-specifications
114668687,mongodb/stitch-sample-apps
87100707,mongodb/stitch-js-sdk
93444591,mongodb/stitch-ios-sdk
87100755,mongodb/stitch-examples
87100729,mongodb/stitch-android-sdk
19244865,mongodb/specifications
200279995,mongodb/snooty-workerpool-stitchapp
200999906,mongodb/snooty-workerpool-stitchapp
169601732,mongodb/snooty-vscode
168234055,mongodb/snooty-parser
151294653,mongodb/snooty
20028272,mongodb/slogger
136240779,mongodb/server-workflow-tool
210408533,mongodb/selected-tests
55078765,mongodb/pymodm
462292,mongodb/node-mongodb-native
175062775,mongodb/myrepo
63879166,mongodb/mut
7567432,mongodb/motor
89936399,mongodb/mongosql-auth-java
92187408,mongodb/mongosql-auth-c
309009,mongodb/mongoid
223234695,mongodb/mongodbatlas-cloudformation-resources
22581566,mongodb/mongodb-erlang
133959957,mongodb/mongodb-enterprise-kubernetes
18531879,mongodb/mongodb-docker
193908882,mongodb/mongodb-atlas-service-broker
3034894,mongodb/mongoDB-haskell
149178674,mongodb/mongo-tools-common
23876346,mongodb/mongo-tools
159539290,mongodb/mongo-swift-driver-performance
118030974,mongodb/mongo-swift-driver
35964690,mongodb/mongo-spark
147843,mongodb/mongo-snippets
17443202,mongodb/mongo-scala-driver
184148355,mongodb/mongo-rust-driver
24584820,mongodb/mongo-ruby-kerberos
108125,mongodb/mongo-ruby-driver
104237,mongodb/mongo-qa
108051,mongodb/mongo-python-driver
27557391,mongodb/mongo-php-library
121842,mongodb/mongo-php-driver-legacy
121842,mongodb/mongo-php-driver
19514152,mongodb/mongo-php-driver
143950,mongodb/mongo-perl-driver
29979177,mongodb/mongo-perl-bson-xs
29979115,mongodb/mongo-perl-bson
404397,mongodb/mongo-perf
122675902,mongodb/mongo-odbc-driver
5812445,mongodb/mongo-meta-driver
24584820,mongodb/mongo-kerberos
183648903,mongodb/mongo-kafka
33692834,mongodb/mongo-java-driver-rx
33679984,mongodb/mongo-java-driver-reactivestreams
108050,mongodb/mongo-java-driver
27442261,mongodb/mongo-hhvm-driver
856703,mongodb/mongo-hadoop
81355383,mongodb/mongo-go-driver
4629960,mongodb/mongo-disco
15881868,mongodb/mongo-cxx-driver
39915471,mongodb/mongo-csharp-driver-jsondotnet
699689,mongodb/mongo-csharp-driver
55437297,mongodb/mongo-c-driver-performance
9735077,mongodb/mongo-c-driver
108110,mongodb/mongo
95679812,mongodb/marian
123161718,mongodb/libmongosql
163867485,mongodb/libmongocrypt
8978081,mongodb/libbson
156630873,mongodb/leafygreen-ui
181737603,mongodb/leafygreen-sketch
3658431,mongodb/js-bson
143887688,mongodb/jasper
170547737,mongodb/homebrew-mongodb
170547737,mongodb/homebrew-brew
151036861,mongodb/hacktoberfest2018
37991233,mongodb/grip
194736246,mongodb/go-client-mongodb-atlas
121291048,mongodb/genny
146502453,mongodb/ftdc
169825932,mongodb/docs_build_test
174965530,mongodb/docs-yourrepo
165114031,mongodb/docs-worker-pool
10223615,mongodb/docs-tools
60309847,mongodb/docs-spark-connector
60121077,mongodb/docs-ruby
206787415,mongodb/docs-realm
33236561,mongodb/docs-primer
60209452,mongodb/docs-php-library
212192489,mongodb/docs-node
82691991,mongodb/docs-meta
52050228,mongodb/docs-landing
4719160,mongodb/docs-ecosystem
60375012,mongodb/docs-cxx
52028643,mongodb/docs-compass
52027975,mongodb/docs-bi-connector
11151771,mongodb/docs-assets
2446718,mongodb/docs
30724109,mongodb/design
63879003,mongodb/deluge
197049571,mongodb/cvelist
197049215,mongodb/cvelist
58072252,mongodb/curator
618140,mongodb/cookbook
29601834,mongodb/community
173919375,mongodb/charts-embedding-examples
159728715,mongodb/charts-demo
1035659,mongodb/casbah
1514767,mongodb/bsonspec.org
33628160,mongodb/bson-rust
9390430,mongodb/bson-ruby
29979177,mongodb/bson-perl-xs
29979115,mongodb/bson-perl
61801701,mongodb/bson-numpy
52027975,mongodb/bi-connector
100294206,mongodb/anser
58073483,mongodb/amboy
133959957,mongodb/-mongodb-enterprise-kubernetes
462292,mongodb/
108110,mongodb/
27557391,mongodb-labs/mongo-php-library-prototype
19514152,mongodb-labs/mongo-php-driver-prototype
27442261,mongodb-labs/mongo-hhvm-driver-prototype
163867485,mongodb-labs/libmongocrypt
33884891,mistercrunch/airflow
137439053,lihaoyi/sjsonnet
159751068,lihaoyi/dev
30724109,leafygreen/design
86057409,kategory/kategory
86057409,kategory/arrow
86057409,kategory/Katz
118529186,databricks/xgboost-linux64
135875752,databricks/xgb-regressor
138068852,databricks/weld
108048554,databricks/tpch-dbgen
93200555,databricks/tpcds-kit
53160128,databricks/tensorframes
205274041,databricks/tableau-connector
46900076,databricks/spark-xml
23332040,databricks/spark-training
38891827,databricks/spark-tfocs
34020308,databricks/spark-sql-perf
105204510,databricks/spark-sklearn.github.io
105204510,databricks/spark-sklearn-docs
41820544,databricks/spark-sklearn
26562411,databricks/spark-redshift
23403523,databricks/spark-pr-dashboard
20941526,databricks/spark-perf
164026325,databricks/spark-pandas
31239738,databricks/spark-package-cmd-tool
23122983,databricks/spark-knowledgebase
24393917,databricks/spark-integration-tests
92971378,databricks/spark-deep-learning
27461793,databricks/spark-csv
41177171,databricks/spark-corenlp
24648767,databricks/spark-avro
137439053,databricks/sjsonnet
13531617,databricks/simr
178963032,databricks/security-docs
31933589,databricks/scala-style-guide
30907323,databricks/sbt-spark-package
34016145,databricks/sbt-databricks
111739948,databricks/rules_docker
23092012,databricks/reference-apps
157298123,databricks/python-interview
23122353,databricks/pig-on-spark
147706049,databricks/mlflow-example-sklearn-elasticnet-wine
179757651,databricks/mlflow
124468901,databricks/livegrep
20873044,databricks/learning-spark
164026325,databricks/koalas
209382708,databricks/jupiterone-connectors
94722028,databricks/jsonnet-style-guide
91736529,databricks/jenkins-job-builder
138208400,databricks/intellij-jsonnet
145625793,databricks/graphframes.github.io
131249969,databricks/drunken-data-quality-1
67898566,databricks/docker-registry-client
159751068,databricks/devbox
209382283,databricks/dependency-reporter
108048554,databricks/dbgen
92883248,databricks/databricks-ml-examples
93211371,databricks/databricks-cli
143476677,databricks/databricks-accelerators
178105940,databricks/containers
112034937,databricks/containerregistry
96584339,databricks/click
187603642,databricks/carusel
150157911,databricks/build-tooling
171486004,databricks/blobfuse-fork-public
95820413,databricks/benchmarks
188580182,databricks/bazel-toolchain
47363193,databricks/bazel
171486004,databricks/azure-storage-fuse
21999568,databricks/als-benchmark-scripts
91362946,databricks/Spark-The-Definitive-Guide
142078844,databricks/SnpEff
138754790,cwida/duckdb
86057409,arrow-kt/arrow
2211243,apache/kafka
50904245,apache/incubator-beam
33884891,apache/incubator-airflow
50904245,apache/beam
33884891,apache/airflow
50904245,apache/
33884891,airbnb/airflow
47363193,ahirreddy/bazel
61801701,aherlihy/numpy-bson
61801701,aherlihy/bson-numpy
33884891,Humbedooh/airflow
86057409,FineCinnamon/kats
86057409,FineCinnamon/Katz
61801701,10genola/bson-numpy
125097486,10gen/swift-mongoc
125097454,10gen/swift-bson
87100707,10gen/stitch-js-sdk
93444591,10gen/stitch-ios-sdk
87100755,10gen/stitch-examples
87100729,10gen/stitch-android-sdk
55078765,10gen/pymodm
89936399,10gen/mongosql-auth-java
193908882,10gen/mongodb-atlas-service-broker
118030974,10gen/mongo-swift-driver
35964690,10gen/mongo-spark
122675902,10gen/mongo-odbc-driver
81355383,10gen/mongo-go-driver
123161718,10gen/libmongosql
163867485,10gen/libmongocrypt
156630873,10gen/leafygreen-ui
27557391,10gen-labs/mongo-php-library-prototype
19514152,10gen-labs/mongo-php-driver-prototype
27442261,10gen-labs/mongo-hhvm-driver-prototype
